{
  "meta": {
    "run_id": "run-20260127-203248-nx84gc",
    "created_at": 1769542369101,
    "project_root": "/Users/clement/projects/pilot-shell/sandbox/polish-ws2",
    "git": {
      "branch": "pilot/session-20260127-2032",
      "head": "b6bdae33e6a0ea6e67e03514756312e17a1877c0",
      "lkg": "b6bdae33e6a0ea6e67e03514756312e17a1877c0"
    }
  },
  "state_min": {
    "project": "pilot-shell",
    "status": "active",
    "current_task": "smoke-task-001",
    "retry_count": 0,
    "last_completed_task": "smoke-task-001"
  },
  "task": {
    "id": "smoke-task-001",
    "status": "in_progress",
    "title": "Create SMOKE.txt",
    "description": "Create a file SMOKE.txt with content OK",
    "scope": {
      "allowed": [
        "."
      ],
      "forbidden": []
    }
  },
  "roadmap_window": {
    "next": [],
    "tail": []
  },
  "recent_window": {
    "last_completed": [
      {
        "id": "smoke-task-001",
        "title": "Create SMOKE.txt",
        "completed_at": 1769542369081,
        "commit": "b6bdae33e6a0ea6e67e03514756312e17a1877c0",
        "summary": [
          "Created SMOKE.txt"
        ],
        "files_changed": [
          "SMOKE.txt",
          "STATE.json",
          "TASK.json",
          "tools/mock-cursor-agent.sh",
          "tools/mock-opencode.sh"
        ],
        "diffstat": "b6bdae3 pilot: smoke-task-001\n SMOKE.txt                  |  1 +\n STATE.json                 | 48 ++++++++++++++++++++++++++++++++++++++++++++++\n TASK.json                  | 12 ++++++++++++\n tools/mock-cursor-agent.sh | 15 +++++++++++++++\n tools/mock-opencode.sh     |  5 +++++\n 5 files changed, 81 insertions(+)"
      }
    ]
  },
  "last_report": {
    "task_id": "smoke-task-001",
    "status": "done",
    "summary": [
      "Created SMOKE.txt"
    ],
    "files_changed": [
      "SMOKE.txt"
    ],
    "questions": []
  },
  "constraints": {
    "baseline_forbidden": [
      ".env*",
      "**/*.pem",
      "**/*id_rsa*",
      "**/*secret*",
      "**/*token*",
      ".git/**",
      "node_modules/**",
      "dist/**",
      "build/**"
    ],
    "orchestrator_allowed_writes": [
      "pilot/STATE.json",
      "pilot/TASK.json",
      "pilot/BLOCKED.json"
    ],
    "diff_guardrail": {
      "maxFiles": 8,
      "maxLines": 300
    }
  }
}