{
  "items": [
    {
      "id": "smoke-task-001",
      "title": "Create SMOKE.txt",
      "completed_at": 1769542369081,
      "commit": "b6bdae33e6a0ea6e67e03514756312e17a1877c0",
      "summary": [
        "Created SMOKE.txt"
      ],
      "files_changed": [
        "SMOKE.txt",
        "STATE.json",
        "TASK.json",
        "tools/mock-cursor-agent.sh",
        "tools/mock-opencode.sh"
      ],
      "diffstat": "b6bdae3 pilot: smoke-task-001\n SMOKE.txt                  |  1 +\n STATE.json                 | 48 ++++++++++++++++++++++++++++++++++++++++++++++\n TASK.json                  | 12 ++++++++++++\n tools/mock-cursor-agent.sh | 15 +++++++++++++++\n tools/mock-opencode.sh     |  5 +++++\n 5 files changed, 81 insertions(+)"
    }
  ],
  "max_items": 5
}