{
  "_setup": {
    "status": "pending",
    "instructions": "Run DESIGN SETUP in ORCHESTRATOR.md to populate this file. Auto-detects from tailwind.config, globals.css, or tokens.json. Otherwise asks interactive questions."
  },
  
  "visual": {
    "direction": null,
    "adjectives": [],
    "references": [],
    "anti_patterns": []
  },
  
  "color": {
    "strategy": null,
    "brand": null,
    "accent": null,
    "surface": null,
    "text": null
  },
  
  "typography": {
    "primary": null,
    "secondary": null,
    "mono": null,
    "scale": null
  },
  
  "spacing": {
    "base": null,
    "scale": null
  },
  
  "components": {
    "border_radius": null,
    "shadows": null,
    "transitions": null
  },
  
  "content": {
    "copy_source": null,
    "tone": null
  }
}
